Sheet,File Name,Description
TypicalSection,TypicalSection_Typical Section Crown X M11 10M  200.png,N-M diagram for Typical Section Crown X M11 10M  200
TypicalSection,TypicalSection_Typical Section Crown X M11 15M  200.png,N-M diagram for Typical Section Crown X M11 15M  200
TypicalSection,TypicalSection_Typical Section Crown X M11 25M  200.png,N-M diagram for Typical Section Crown X M11 25M  200
TypicalSection,TypicalSection_Typical Section Crown Y M22 10M  200.png,N-M diagram for Typical Section Crown Y M22 10M  200
TypicalSection,TypicalSection_Typical Section Crown Y M22 15M  200.png,N-M diagram for Typical Section Crown Y M22 15M  200
TypicalSection,TypicalSection_Typical Section Crown Y M22 25M  200.png,N-M diagram for Typical Section Crown Y M22 25M  200
TypicalSection_Invert_sides,TypicalSection_Invert_sides_Typical Section Invert sides X M11 15M  200.png,N-M diagram for Typical Section Invert sides X M11 15M  200
TypicalSection_Invert_sides,TypicalSection_Invert_sides_Typical Section Invert sides X M11 20M  200.png,N-M diagram for Typical Section Invert sides X M11 20M  200
TypicalSection_Invert_sides,TypicalSection_Invert_sides_Typical Section Invert sides X M11 25M  200.png,N-M diagram for Typical Section Invert sides X M11 25M  200
TypicalSection_Invert_sides,TypicalSection_Invert_sides_Typical Section Invert sides Y M22 15M  200.png,N-M diagram for Typical Section Invert sides Y M22 15M  200
TypicalSection_Invert_sides,TypicalSection_Invert_sides_Typical Section Invert sides Y M22 20M  200.png,N-M diagram for Typical Section Invert sides Y M22 20M  200
TypicalSection_Invert_sides,TypicalSection_Invert_sides_Typical Section Invert sides Y M22 25M  200.png,N-M diagram for Typical Section Invert sides Y M22 25M  200
TypicalSection_Invert_central,TypicalSection_Invert_central_Typical Section Invert central X M11 15M  200.png,N-M diagram for Typical Section Invert central X M11 15M  200
TypicalSection_Invert_central,TypicalSection_Invert_central_Typical Section Invert central X M11 20M  200.png,N-M diagram for Typical Section Invert central X M11 20M  200
TypicalSection_Invert_central,TypicalSection_Invert_central_Typical Section Invert central X M11 25M  200.png,N-M diagram for Typical Section Invert central X M11 25M  200
TypicalSection_Invert_central,TypicalSection_Invert_central_Typical Section Invert central Y M22 15M  200.png,N-M diagram for Typical Section Invert central Y M22 15M  200
TypicalSection_Invert_central,TypicalSection_Invert_central_Typical Section Invert central Y M22 20M  200.png,N-M diagram for Typical Section Invert central Y M22 20M  200
TypicalSection_Invert_central,TypicalSection_Invert_central_Typical Section Invert central Y M22 25M  200.png,N-M diagram for Typical Section Invert central Y M22 25M  200
